requete;description;temps_avant_ms;temps_apres_ms;gain_pct;score_optimisation;optimisations
Q1;Filmographie acteur;710.5894119995355;809.6071219988517;-13.934588431410635;20;COVERING
Q2;Top N films par genre/période;49.53903566881005;54.64879366748695;-10.314609337246383;20;COVERING
Q3;Acteurs multi-rôles;971.2896766674627;1235.9485559997363;-27.24819234569956;20;COVERING
Q4;Collaborations acteur/réalisateurs;1603.2175116682386;1917.681434001376;-19.614551365891696;20;COVERING
Q5;Genres populaires;274.6311093336165;456.7295963339954;-66.30657664466163;20;COVERING
Q6;Carrière par décennie;1671.649195000403;2318.2160299996517;-38.67838042413514;20;COVERING
Q7;Top 3 par genre (window);641.0257583338534;682.9394613341719;-6.538536471492205;20;COVERING
Q8;Carrières propulsées;157.95622133252132;163.03547399972254;-3.2156078591603148;20;COVERING
Q9;Top réalisateurs;328.36503300010617;291.29414466539555;11.28953591556706;0;limité
